{"cameraMode":{"drawMode":0,"name":"Shaded","section":"Shading Mode"},"sceneLighting":false,"audioPlay":false,"sceneViewState":{"m_AlwaysRefresh":false,"showFog":true,"showSkybox":true,"showFlares":true,"showImageEffects":true,"showParticleSystems":true,"showVisualEffectGraphs":true,"m_FxEnabled":true},"in2DMode":false,"pivot":{"x":511.7315979003906,"y":280.95245361328127,"z":-166.15899658203126},"rotation":{"x":-0.057273901998996738,"y":0.012575974687933922,"z":-0.0007215772056952119,"w":-0.9982796311378479},"size":172.3233184814453,"orthographic":false}